<?xml version="1.0" encoding="UTF-8"?>
<project-private xmlns="http://www.netbeans.org/ns/project-private/1">
    <editor-bookmarks xmlns="http://www.netbeans.org/ns/editor-bookmarks/2" lastBookmarkId="0"/>
    <open-files xmlns="http://www.netbeans.org/ns/projectui-open-files/2">
        <group>
            <file>file:/C:/Users/Hamza/OneDrive/Documents/NetBeansProjects/Observer%20Pattern/src/observer/pattern/ConcreteObserver1.java</file>
            <file>file:/C:/Users/Hamza/OneDrive/Documents/NetBeansProjects/Observer%20Pattern/src/observer/pattern/ConcreteObserver2.java</file>
            <file>file:/C:/Users/Hamza/OneDrive/Documents/NetBeansProjects/Observer%20Pattern/src/observer/pattern/CricketMatch1.java</file>
            <file>file:/C:/Users/Hamza/OneDrive/Documents/NetBeansProjects/Observer%20Pattern/src/observer/pattern/Observer.java</file>
            <file>file:/C:/Users/Hamza/OneDrive/Documents/NetBeansProjects/Observer%20Pattern/src/observer/pattern/Cricket.java</file>
            <file>file:/C:/Users/Hamza/OneDrive/Documents/NetBeansProjects/Observer%20Pattern/src/observer/pattern/CricketMatch2.java</file>
        </group>
    </open-files>
</project-private>
